iteracao, newton_x, newton_crit, secante_x, secante_crit, erro_abs, erro_relat, ulp
0,1.0000000000000000e+00,0.0000000000000000e+00,1.0000000000000000e+00,0.0000000000000000e+00,0.0000000000000000e+00,0.0000000000000000e+00,0
1,1.5000000000000000e+00,3.3333333333333331e-01,1.5000000000000000e+00,3.3333333333333331e-01,0.0000000000000000e+00,0.0000000000000000e+00,0
